City,Cloudiness,Country,Date,Humidity,Lat,Lng,Max Temp,Windspeed
san cristobal,40,VE,1592505060,49,7.77,-72.22,89.6,14.99
hobart,100,AU,1592505061,93,-42.88,147.33,41,3.36
kavaratti,100,IN,1592505061,80,10.57,72.64,84.22,15.86
ilulissat,90,GL,1592504886,86,69.22,-51.1,33.8,5.82
aranda de duero,2,ES,1592505061,54,41.67,-3.69,64.67,4.45
provideniya,0,RU,1592505061,54,64.38,-173.3,57.31,3.6
vaini,20,TO,1592504785,83,-21.2,-175.2,69.8,10.29
jeremie,40,HT,1592505061,65,18.65,-74.12,85.03,2.8
atuona,22,PF,1592505062,76,-9.8,-139.03,79.81,11.18
cape town,0,ZA,1592505062,62,-33.93,18.42,59,9.17
busselton,60,AU,1592505062,97,-33.65,115.33,43,5.14
kruisfontein,0,ZA,1592505062,44,-34,24.73,56.97,5.61
saldanha,0,ZA,1592505062,51,-33.01,17.94,62.6,4.7
bambous virieux,75,MU,1592505062,68,-20.34,57.76,71.6,13.87
punta arenas,90,CL,1592505043,86,-53.15,-70.92,39.2,13.87
thompson,90,CA,1592504894,100,55.74,-97.86,35.6,14.99
albany,47,US,1592505019,48,42.6,-73.97,87.01,6.26
alice springs,0,AU,1592504778,49,-23.7,133.88,52,5.82
arraial do cabo,0,BR,1592504895,65,-22.97,-42.03,77,18.34
rikitea,100,PF,1592505063,85,-23.12,-134.97,75.97,17.6
ushuaia,22,AR,1592505063,74,-54.8,-68.3,33.8,3.36
khatanga,16,RU,1592505063,57,71.97,102.5,53.13,11.95
nikolskoye,75,RU,1592505063,73,59.7,30.79,69.8,6.71
vila velha,20,BR,1592504778,73,-20.33,-40.29,75.99,10.29
yellowknife,20,CA,1592505002,71,62.46,-114.35,61,13.87
entre rios,1,BR,1592505064,72,-11.94,-38.08,77.74,7.11
saint-louis,2,SN,1592504897,21,16.33,-15,109.4,2.24
ust-kuyga,0,RU,1592505064,56,70.02,135.6,67.41,1.99
saint-philippe,90,RE,1592505064,68,-21.36,55.77,69.8,14.99
kodiak,90,US,1592504905,87,57.79,-152.41,50,11.41
barrow,1,US,1592505064,80,71.29,-156.79,39.2,9.17
elizabeth city,90,US,1592504953,65,36.29,-76.25,81,8.05
bluff,0,NZ,1592505065,83,-46.6,168.33,39,3
cabra,0,ES,1592505065,27,37.47,-4.44,82.99,5.99
butaritari,100,KI,1592505065,60,3.07,172.79,83.14,1.79
tiksi,99,RU,1592504774,71,71.69,128.87,52.95,3.13
cidreira,41,BR,1592505065,68,-30.18,-50.21,74.41,8.19
port elizabeth,0,ZA,1592504801,72,-33.92,25.57,60.8,5.82
buluang,15,PH,1592505065,87,13.31,123.34,78.44,3.49
galegos,0,PT,1592505065,72,41.56,-8.57,68,16.11
mahebourg,75,MU,1592505065,68,-20.41,57.7,71.6,13.87
dobra,20,RO,1592505066,94,44.78,25.72,72,4.7
saint anthony,1,US,1592505066,61,45.02,-93.22,79,8.05
bonavista,100,CA,1592505066,66,48.65,-53.11,66,11.99
jacareacanga,5,BR,1592505066,49,-6.22,-57.75,93.2,5.82
ouango,100,CF,1592505066,94,4.31,22.56,71.92,2.82
komsomolskiy,23,UZ,1592505066,40,40.43,71.72,71.6,6.93
aksarka,68,RU,1592504892,69,66.56,67.8,40.33,10.63
tuktoyaktuk,90,CA,1592504893,93,69.45,-133.04,42.8,9.17
chicama,54,PE,1592504970,58,-7.84,-79.15,73.72,10.71
nieves,40,PH,1592505067,83,15.33,120.95,80.6,4.7
sitka,90,US,1592504889,93,57.05,-135.33,51.8,10.29
buseresere,37,TZ,1592505067,55,-3.02,31.87,69.13,3.13
sabang,77,ID,1592504982,74,5.89,95.32,83.93,9.37
narsaq,40,GL,1592504960,61,60.92,-46.05,46.4,6.93
havre,77,FR,1592505067,67,49.58,0.33,62.6,5.82
dikson,58,RU,1592504780,93,73.51,80.55,33.26,16.49
saskylakh,33,RU,1592505067,61,71.92,114.08,63.61,5.61
sylvan lake,75,CA,1592505066,71,52.32,-114.09,53.6,6.93
tasiilaq,100,GL,1592504880,81,65.61,-37.64,42.8,43.62
longyearbyen,75,SJ,1592505068,70,78.22,15.64,44.6,8.05
crotone,1,IT,1592505068,69,39.09,17.12,73.4,4.7
jamestown,90,US,1592505039,57,42.1,-79.24,77,3.36
bengkulu,100,ID,1592504770,89,-3.8,102.27,76.41,5.14
dustlik,0,UZ,1592505068,25,40.52,68.04,69.08,3.83
hamilton,40,US,1592505009,54,39.18,-84.53,80.6,4.7
port alfred,0,ZA,1592504882,74,-33.59,26.89,57.99,3
izhma,34,RU,1592505069,56,65.01,53.91,46.24,4.16
escanaba,1,US,1592505069,64,45.75,-87.06,82,11.41
killybegs,40,IE,1592505069,93,54.63,-8.45,57.2,5.82
yinchuan,2,CN,1592505069,20,38.47,106.27,78.01,5.99
new norfolk,100,AU,1592505069,83,-42.78,147.06,41,1.01
pouembout,100,NC,1592505069,83,-21.13,164.9,69.01,4.99
la palma,90,US,1592505069,77,33.85,-118.05,66,4.7
newberry,40,US,1592505069,57,34.27,-81.62,79,6.93
codrington,100,AU,1592505070,79,-38.27,141.97,50.58,14.43
novyy svit,66,UA,1592505070,56,47.81,38.02,69.49,8.93
sao filipe,0,CV,1592505070,58,14.9,-24.5,82.35,9.69
mar del plata,75,AR,1592505070,76,-38,-57.56,57.99,14.99
puerto ayora,29,EC,1592505070,51,-0.74,-90.35,82.4,17.22
mattru,100,SL,1592505070,94,7.62,-11.83,76.71,4.5
kaitangata,42,NZ,1592505070,83,-46.28,169.85,40.06,9.1
shimoda,100,JP,1592504898,93,34.67,138.95,59,13.02
yar-sale,63,RU,1592505070,69,66.83,70.83,40.14,11.77
tezu,97,IN,1592505071,86,27.92,96.17,75.87,3.06
bairiki,75,KI,1592505071,88,1.33,172.98,77,2.24
te anau,46,NZ,1592505071,96,-45.42,167.72,31.59,1.03
palpa,100,PE,1592505071,40,-14.53,-75.19,76.69,7.9
esperance,75,AU,1592504958,87,-33.87,121.9,48.2,13.87
alofi,5,NU,1592505071,78,-19.06,-169.92,73.4,11.41
bredasdorp,0,ZA,1592505071,87,-34.53,20.04,50,4.97
victoria,100,HK,1592505003,74,22.29,114.16,84,4
chokurdakh,45,RU,1592504887,44,70.63,147.92,73.13,8.57
kapaa,75,US,1592505071,83,22.08,-159.32,78.8,11.41
likasi,0,CD,1592505072,67,-10.98,26.73,54.37,3.96
kibala,20,TD,1592505072,74,9.11,18.35,82.4,4.7
la ronge,75,CA,1592504899,43,55.1,-105.28,55.4,14.99
cabedelo,90,BR,1592505072,100,-6.98,-34.83,73.4,9.17
lakes entrance,1,AU,1592505072,78,-37.88,147.98,47.62,5.23
sao joao da barra,40,BR,1592505072,57,-21.64,-41.05,78.8,11.41
winnemucca,1,US,1592505072,22,40.97,-117.74,69.8,12.75
kupang,97,ID,1592505073,81,-10.17,123.58,76.05,12.97
castro,92,BR,1592504882,68,-24.79,-50.01,67.44,11.18
sulangan,100,PH,1592505073,79,11.14,123.72,80.49,16.2
praia da vitoria,75,PT,1592505073,64,38.73,-27.07,71.6,9.71
port blair,75,IN,1592505073,84,11.67,92.75,82.85,11.9
san andres,75,CO,1592504786,66,12.58,-81.7,87.8,13.87
torbay,90,CA,1592504800,63,47.67,-52.73,69.01,13.87
san patricio,20,MX,1592505074,74,19.22,-104.7,86,11.41
lagoa,26,PT,1592504985,88,39.05,-27.98,65.12,14.41
mao,20,ES,1592505074,73,39.89,4.27,71.6,9.17
bilibino,0,RU,1592505074,40,68.05,166.44,67.21,5.39
upernavik,0,GL,1592504780,82,72.79,-56.15,36.12,9.89
dalmatovo,3,RU,1592505074,69,56.26,62.94,46.11,5.99
kashi,100,CN,1592505074,32,39.45,75.98,69.8,13.42
bafoulabe,20,ML,1592505074,24,13.81,-10.83,102.43,6.69
nuuk,75,GL,1592504828,75,64.18,-51.72,44.6,9.17
cahul,0,MD,1592505075,74,45.91,28.19,69.93,5.55
beipiao,0,CN,1592505075,60,41.79,120.78,67.23,2.46
santa cruz,40,BO,1592504938,51,-17.8,-63.17,86,21.92
lorengau,43,PG,1592505075,78,-2.02,147.27,82.31,9.26
murray bridge,0,AU,1592505075,68,-35.12,139.27,55,5.99
cham,100,DE,1592504875,73,49.24,12.68,63,3
erenhot,0,CN,1592504781,49,43.65,111.98,69.58,8.1
klaksvik,96,FO,1592505075,93,62.23,-6.59,50,9.17
rocha,100,UY,1592505026,83,-34.48,-54.33,58.71,15.01
kirakira,7,SB,1592505076,85,-10.45,161.92,79.43,9.64
tessalit,0,ML,1592504893,7,20.2,1.01,106.38,8.16
korla,40,CN,1592504972,41,41.76,86.15,84,1.99
arman,99,RU,1592504801,89,59.7,150.17,48.87,1.3
mataura,0,NZ,1592504881,83,-46.19,168.86,39,3
krasnoarmeysk,96,RU,1592505076,90,51.02,45.7,66.02,11.54
baykit,55,RU,1592505076,64,61.67,96.37,53.56,3.22
taoudenni,17,ML,1592504964,6,22.68,-3.98,112.87,11.32
coihaique,40,CL,1592504795,57,-45.58,-72.07,51.8,3.36
namibe,0,AO,1592505077,69,-15.2,12.15,71.49,2.91
bubaque,0,GW,1592505077,81,11.28,-15.83,82,14.58
poum,100,NC,1592505077,76,-20.23,164.02,74.26,15.64
carnarvon,0,AU,1592504896,67,-24.87,113.63,60.8,12.75
vardo,20,NO,1592505077,75,70.37,31.11,46.4,21.92
bathsheba,40,BB,1592505077,70,13.22,-59.52,87.8,20.8
peleduy,0,RU,1592505077,90,59.63,112.74,48.79,3.94
okato,5,NZ,1592505078,88,-39.2,173.88,48,1.99
cockburn town,40,TC,1592504805,62,21.46,-71.14,87.8,13.87
kawalu,95,ID,1592505078,92,-7.38,108.21,73.09,1.81
seoul,90,KR,1592505072,83,37.57,126.98,71.6,6.93
hermanus,0,ZA,1592505078,69,-34.42,19.23,54,8.12
avarua,27,CK,1592505078,77,-21.21,-159.78,69.8,8.05
port hardy,90,CA,1592505078,82,50.7,-127.42,57.2,4.7
dhidhdhoo,100,MV,1592505078,79,6.88,73.1,84.11,10.49
gelendzhik,0,RU,1592505078,84,44.57,38.07,72.64,3.98
ambilobe,92,MG,1592505079,69,-13.2,49.05,70.07,2.15
qaanaaq,0,GL,1592505079,85,77.48,-69.36,35.17,1.34
red bank,90,US,1592504833,88,40.35,-74.06,72,6.93
banamba,52,ML,1592505079,24,13.55,-7.45,99.7,9.04
goderich,0,CA,1592505062,86,43.75,-81.72,73.99,4
hithadhoo,94,MV,1592504785,77,-0.6,73.08,84.63,11.39
pati,3,ID,1592505080,87,-6.76,111.04,74.71,3.15
bethel,40,US,1592504842,65,41.37,-73.41,81,4.7
luderitz,0,NA,1592505080,21,-26.65,15.16,78.8,5.82
snasa,0,NO,1592505080,63,64.25,12.38,62.6,8.05
cuauhtemoc,77,MX,1592505080,27,28.42,-106.87,81,5.01
port keats,1,AU,1592505080,57,-14.25,129.55,69.62,6.31
luau,0,AO,1592505080,44,-10.71,22.22,61.02,3.94
naze,100,JP,1592505080,100,28.37,129.48,78.8,12.75
progreso,75,MX,1592505081,62,21.28,-89.67,91,11.41
hilo,40,US,1592505081,73,19.73,-155.09,77,6.93
leningradskiy,83,RU,1592504803,62,69.38,178.42,44.01,4.72
severo-kurilsk,100,RU,1592505081,87,50.68,156.12,41.92,8.52
tailai,71,CN,1592505081,75,46.38,123.4,66,4
norman wells,75,CA,1592505081,43,65.28,-126.83,73.4,10.29
pochutla,90,MX,1592505081,83,15.74,-96.47,75.2,4.92
yulara,0,AU,1592504901,45,-25.24,130.99,42.8,3.36
conceicao do araguaia,0,BR,1592505081,38,-8.26,-49.26,89.6,8.05
lampang,100,TH,1592505081,87,18.33,99.5,73.99,1.59
berlevag,75,NO,1592505082,81,70.86,29.09,48.2,24.16
balkanabat,0,TM,1592505082,12,39.51,54.37,88.65,16.96
savinka,47,RU,1592505082,68,50.08,47.1,72.54,8.37
lebu,100,CL,1592504782,94,-37.62,-73.65,52.27,14.47
hofn,90,IS,1592505082,81,64.25,-15.21,50,8.05
georgetown,20,MY,1592504884,79,5.41,100.34,84.2,5.82
tanout,41,NE,1592505082,25,14.97,8.89,94.87,2.13
weinan,1,CN,1592504903,78,34.5,109.51,75,2.24
velizh,0,RU,1592505082,84,55.61,31.2,69.49,3.62
kenora,75,CA,1592504829,73,49.82,-94.43,73.4,11.41
japura,87,ID,1592504994,96,-0.32,102.35,74.26,1.14
columbus,75,US,1592505027,57,39.96,-83,78.8,6.93
airai,88,TL,1592505083,100,-8.93,125.41,57.99,4.14
ribeira grande,75,PT,1592505083,77,38.52,-28.7,66.2,9.17
adet,70,ET,1592505083,78,11.26,37.49,60.48,6.13
samarai,61,PG,1592505083,82,-10.62,150.67,79.27,16.46
nouakchott,40,MR,1592505081,46,18.09,-15.98,91.4,20.8
bouza,0,NE,1592505083,22,14.42,6.04,98.55,4.09
soe,84,ID,1592505083,100,-9.86,124.28,62.91,3.78
finote selam,100,ET,1592505084,83,10.7,37.27,62.47,3.51
calabozo,99,VE,1592504941,86,8.92,-67.43,80.38,7.16
axim,100,GH,1592505084,84,4.87,-2.24,77.61,8.77
ukiah,1,US,1592505084,28,39.15,-123.21,87.01,3.36
chuy,40,UY,1592504883,67,-33.7,-53.46,67.53,15.14
beloha,20,MG,1592505085,82,-25.17,45.05,63.77,14.25
hailar,43,CN,1592505085,80,49.2,119.7,58.5,1.36
fort thomas,40,US,1592504813,54,39.08,-84.45,80.6,4.7
east london,0,ZA,1592505085,60,-33.02,27.91,64.45,12.55
svetlogorsk,20,BY,1592505085,84,52.63,29.73,68.72,8.68
saint-georges,20,GD,1592505085,70,12.06,-61.75,87.8,20.8
parana,48,AR,1592505041,69,-31.73,-60.52,63,1.01
isangel,19,VU,1592505085,82,-19.55,169.27,72.12,11.5
nalut,0,LY,1592505086,12,30.33,10.85,89.67,10.36
amboise,100,FR,1592505086,87,47.41,0.98,60.8,2.24
doha,0,QA,1592505086,17,25.29,51.53,98.6,13.87
abu samrah,0,SY,1592505086,68,35.3,37.18,68.74,20.76
sur,1,OM,1592505086,75,22.57,59.53,84.54,14.41
payakumbuh,92,ID,1592505086,90,-0.22,100.63,70.92,2.24
hovd,50,MN,1592504814,28,48.01,91.64,63.9,5.88
wau,100,SS,1592505087,83,7.7,28,73.42,0.65
tahta,0,EG,1592504999,15,26.77,31.5,91.4,13.87
miri,75,MY,1592504817,94,4.41,114.01,80.01,3.36
busca,4,IT,1592505087,71,44.52,7.47,71.01,4
bud,86,US,1592505087,54,39.45,-86.18,82.99,5.91
ambon,75,ID,1592504960,94,-3.7,128.18,80.01,4.7
mount isa,0,AU,1592504886,72,-20.73,139.5,60.8,12.82
sudak,0,UA,1592505087,73,44.85,34.97,70.56,6.93
husavik,61,IS,1592505087,58,66.04,-17.34,57.2,5.82
sarti,0,GR,1592505087,66,40.1,23.98,75.22,5.48
benghazi,0,LY,1592505088,54,32.12,20.07,75.63,4.09
coquimbo,100,CL,1592505088,59,-29.95,-71.34,60.8,10.29
cherskiy,7,RU,1592504879,41,68.75,161.3,65.26,7.74
flin flon,90,CA,1592504855,87,54.77,-101.86,42.8,18.34
enid,20,US,1592504807,38,36.4,-97.88,95,23.04
mushie,100,CD,1592505088,46,-3.02,16.9,75.9,2.86
palmeira,100,BR,1592505088,71,-25.43,-50.01,69.01,6.78
guerrero negro,6,MX,1592505088,53,27.98,-114.06,72,14.47
powell,40,US,1592505088,53,40.16,-83.08,80.01,8.59
shar,80,KZ,1592505089,51,49.59,81.05,63.23,4
fort nelson,40,CA,1592504905,68,58.81,-122.7,66.2,4.7
belvedere marittimo,0,IT,1592505089,45,39.62,15.86,73.99,4.21
urubicha,64,BO,1592505089,37,-15.38,-62.95,89.71,5.66
lodja,6,CD,1592505089,43,-3.48,23.43,71.02,0.76
ust-kulom,0,RU,1592505089,62,61.69,53.69,45.01,0.31
prince rupert,90,CA,1592504895,93,54.32,-130.32,57.2,14.99
pisco,90,PE,1592504894,72,-13.7,-76.22,66.2,3.36
kudahuvadhoo,82,MV,1592505089,73,2.67,72.89,84.04,3.8
suntar,39,RU,1592505083,97,62.14,117.63,46.6,2.93
ketchikan,90,US,1592505090,93,55.34,-131.65,57.2,28.86
andenes,75,NO,1592505090,81,69.31,16.12,46.4,10.29
rosarito,5,MX,1592505090,60,32.33,-117.03,71.01,17.22
santa marta de tormes,23,ES,1592505090,33,40.95,-5.63,75.2,10.29
constitucion,100,CL,1592505090,85,-35.33,-72.42,55.78,22.84
cruzeiro do sul,100,BR,1592505090,72,-29.51,-51.99,73.2,6.8
karakol,94,KG,1592505090,67,42.49,78.39,49.57,1.5
nome,90,US,1592505091,67,64.5,-165.41,62.01,9.17
kimbe,3,PG,1592505091,85,-5.55,150.14,75.88,5.17
chisindia,93,RO,1592505091,100,46.28,22.1,68,6.93
tromso,40,NO,1592504979,70,69.65,18.96,48.2,16.11
cairns,75,AU,1592505091,94,-16.92,145.77,70,12.75
kikwit,72,CD,1592505091,37,-5.04,18.82,73.17,2.24
ruwi,1,OM,1592505091,84,23.6,58.55,89.6,2.24
goulburn,0,AU,1592505053,97,-34.75,149.72,33.01,2.71
betioky,0,MG,1592505092,68,-23.72,44.38,64.35,10.29
mount gambier,100,AU,1592505092,71,-37.83,140.77,51.8,14.99
uyuni,0,BO,1592505092,31,-20.46,-66.83,52.77,8.3
avallon,63,FR,1592504961,67,47.48,3.9,64.99,1.01
novosil,100,RU,1592505092,88,52.97,37.04,67.57,6.24
chornobay,96,UA,1592505092,83,49.67,32.32,67.86,9.04
pushkino,95,RU,1592505092,68,56.02,37.87,80.01,8.95
saint george,1,US,1592505092,14,37.1,-113.58,77,5.82
puerto escondido,75,MX,1592504884,66,15.85,-97.07,87.8,8.05
fukue,100,JP,1592505093,89,32.69,128.84,73.74,23.58
bahia blanca,97,AR,1592505093,44,-38.72,-62.27,60.06,10.49
jega,60,NG,1592505093,41,12.22,4.38,92.52,7.61
ostrovnoy,100,RU,1592505093,67,68.05,39.51,57.04,4.83
nanortalik,62,GL,1592504798,78,60.14,-45.24,40.42,7.45
walvis bay,0,NA,1592505093,18,-22.96,14.51,80.6,10.29
lalibela,98,ET,1592505093,31,12.03,39.03,67.19,5.88
nouadhibou,0,MR,1592505093,73,20.93,-17.03,75.2,20.8
puerto madryn,100,AR,1592505094,42,-42.77,-65.04,59.68,27.36
ariano irpino,0,IT,1592505094,54,41.15,15.08,73.99,7.05
palaikastron,0,GR,1592505094,41,35.2,26.25,78.01,11.01
tuatapere,13,NZ,1592504804,83,-46.13,167.68,39,3
lock haven,90,US,1592505094,73,41.14,-77.45,75.99,5.82
roald,14,NO,1592504902,77,62.58,6.13,64.99,9.17
hay river,20,CA,1592505094,46,60.82,-115.8,69.8,17.22
maniitsoq,0,GL,1592505094,78,65.42,-52.9,40.51,14.07
miles city,90,US,1592505094,63,46.41,-105.84,62.6,21.92
mazamari,50,PE,1592505095,45,-11.33,-74.53,87.22,1.3
blackwater,7,AU,1592505095,89,-23.58,148.88,56.39,9.91
kangaatsiaq,11,GL,1592504816,81,68.31,-53.46,37.49,12.06
nador,0,MA,1592505095,53,35.17,-2.93,78.8,19.46
port lincoln,70,AU,1592505095,43,-34.73,135.87,59.34,21.77
slave lake,20,CA,1592505067,62,55.28,-114.77,59,4.7
vostok,97,RU,1592505095,100,46.49,135.88,46.09,1.97
talnakh,87,RU,1592505095,70,69.49,88.4,44.6,11.18
rio cauto,40,CU,1592505096,62,20.56,-76.92,89.6,10.29
vila franca do campo,75,PT,1592505096,82,37.72,-25.43,64.4,13.87
keetmanshoop,0,NA,1592505096,32,-26.58,18.13,60.8,6.93
oktyabrskiy,0,RU,1592505096,83,54.48,53.47,49.48,5.97
khorinsk,0,RU,1592505096,54,52.17,109.77,50.68,3.56
berezovyy,100,RU,1592505096,92,51.67,135.7,44.94,3.11
touros,90,BR,1592505096,94,-5.2,-35.46,75.2,9.17
flinders,3,AU,1592505096,86,-34.58,150.86,48,1.01
kununurra,0,AU,1592505097,38,-15.77,128.73,60.8,8.63
kodino,100,RU,1592505097,60,63.72,39.64,60.48,6.6
northam,100,GB,1592505097,99,51.03,-4.22,57.99,8.01
ponta do sol,20,PT,1592505097,64,32.67,-17.1,73.4,12.75
huangchuan,0,CN,1592505097,90,32.13,115.04,67.62,3.51
srandakan,62,ID,1592505097,84,-7.94,110.25,77.83,12.39
hasaki,75,JP,1592505097,100,35.73,140.83,64.4,9.17
sola,99,VU,1592505097,77,-13.88,167.55,79.77,19.06
sobolevo,2,RU,1592504881,79,54.43,31.9,71.24,4.63
faya,20,SA,1592505098,47,18.39,42.45,77,4.54
katobu,61,ID,1592505098,93,-4.94,122.53,75.11,4.99
marienburg,100,PL,1592505098,93,54.04,19.03,66.99,3.36
jumla,54,NP,1592505098,70,29.27,82.18,61.23,1.25
rundu,0,NA,1592505098,41,-17.93,19.77,64.4,3.36
half moon bay,1,US,1592505098,55,37.46,-122.43,84.99,8.05
paamiut,87,GL,1592505098,83,61.99,-49.67,38.34,10.85
quang ngai,4,VN,1592505099,85,15.12,108.8,78.08,4.45
bay roberts,100,CA,1592505099,67,47.6,-53.26,66.99,1.01
khandyga,58,RU,1592505099,84,62.67,135.6,57.22,2.28
geraldton,0,AU,1592505099,81,-28.77,114.6,51.8,4.7
saint-francois,67,FR,1592505099,55,46.42,3.91,69.01,8.05
sika,40,GM,1592505099,74,13.35,-16.34,86,8.05
chara,100,RU,1592505099,86,56.91,118.26,50.45,2.66
chino valley,0,US,1592505099,21,34.76,-112.45,84,3
puertollano,29,ES,1592505100,27,38.69,-4.11,82.99,5.99
tingi,26,TZ,1592504804,92,-11.3,35.03,55.29,1.86
fukuma,75,JP,1592505100,94,33.77,130.47,69.8,5.82
hami,39,CN,1592505100,23,42.8,93.45,82.71,17.36
beroroha,0,MG,1592505100,51,-21.67,45.17,64.65,7.67
shumskiy,33,RU,1592505100,84,54.83,99.13,52.23,3.69
kidal,0,ML,1592505100,8,18.44,1.41,99.55,10.96
cabo san lucas,40,MX,1592504903,58,22.89,-109.91,95,3.36
cervo,55,ES,1592505100,75,43.67,-7.41,63,5.01
kalikino,22,RU,1592505101,69,52.95,39.83,73.4,6.71
adrar,76,MR,1592505101,13,20.5,-10.07,103.3,14.47
kahului,20,US,1592504803,58,20.89,-156.47,82.4,17.22
pevek,0,RU,1592505101,72,69.7,170.31,40.64,9.35
otradnoye,75,RU,1592505101,73,59.78,30.82,69.8,6.71
padang,100,ID,1592504888,77,-0.95,100.35,78.64,4.18
taltal,17,CL,1592505101,44,-25.4,-70.48,68.7,8.72
clyde river,90,CA,1592504879,90,70.47,-68.59,33.8,9.17
lompoc,0,US,1592504933,64,34.64,-120.46,70,9.17
basco,0,PH,1592505102,83,20.45,121.97,84.51,15.93
muros,20,ES,1592505102,67,42.78,-9.06,66.99,9.17
lasa,75,IT,1592505102,66,46.62,10.7,53.6,8.05
coahuayana,40,MX,1592504960,62,18.73,-103.68,84.2,9.17
nyurba,14,RU,1592505087,97,63.28,118.33,49.55,4.03
gat,2,IL,1592505102,80,31.61,34.76,75.99,6.29
kosovo polje,40,XK,1592505102,46,42.64,21.1,71.6,16.11
esfahan,0,IR,1592505102,10,32.66,51.68,75.2,9.17
lingao,100,CN,1592505102,82,19.91,109.69,80.2,9.19
tonantins,84,BR,1592505103,90,-2.87,-67.8,82.72,2.89
cachoeira do sul,92,BR,1592505103,81,-30.04,-52.89,71.89,7.14
fare,100,PF,1592505103,77,-16.7,-151.02,80.69,4.85
maturin,69,VE,1592505103,54,9.75,-63.18,89.67,9.04
pokhara,100,NP,1592505103,85,28.23,83.98,72.75,0.78
zabid,61,YE,1592505103,56,14.2,43.32,89.89,7
ahuimanu,75,US,1592505103,69,21.44,-157.84,80.6,14.99
totness,99,SR,1592505104,84,5.88,-56.32,82.04,8.08
souillac,75,MU,1592505104,68,-20.52,57.52,71.6,13.87
mugumu,44,TZ,1592505104,74,-1.85,34.7,61.99,3.85
tevriz,100,RU,1592505104,83,57.51,72.4,44.1,6.26
anloga,20,GH,1592505104,83,5.79,0.9,80.6,6.93
fuxin,0,CN,1592505104,52,42.02,121.66,70.14,2.44
porto-vecchio,0,FR,1592505104,68,41.59,9.28,73.4,4.7
ola,75,RU,1592504885,92,59.58,151.28,47.89,0.83
san javier,40,ES,1592505104,78,37.81,-0.84,75,8.05
klyuchi,100,RU,1592505105,75,52.27,79.17,57.69,9.53
jieshi,100,CN,1592505105,85,22.81,115.83,82.51,8.86
anjiang,100,CN,1592505105,91,27.32,110.1,73.22,2.35
parksville,82,CA,1592504995,63,49.32,-124.32,69.01,1.01
inuvik,75,CA,1592505105,62,68.35,-133.72,59,4.7
kon tum,47,VN,1592505105,94,14.35,108,70.25,0.74
itoman,20,JP,1592505105,94,26.12,127.67,82.4,14.99
krapina,40,HR,1592505105,68,46.16,15.88,73,12.75
zhigansk,0,RU,1592505106,65,66.77,123.37,59.74,7.02
ivanteyevka,100,RU,1592505106,68,55.97,37.92,80.01,8.95
union,90,US,1592505106,83,40.63,-74.27,75.99,7.43
gayeri,96,BF,1592505106,36,12.65,0.49,95.7,12.59
okhotsk,98,RU,1592505106,93,59.38,143.3,44.89,4.61
tombouctou,0,ML,1592505106,8,20,-3,102.34,3
ulaangom,0,MN,1592505107,37,49.98,92.07,64.53,15.68
gazanjyk,0,TM,1592505107,13,39.24,55.52,86.47,15.03
lady frere,0,ZA,1592505107,65,-31.7,27.23,45.1,3.11
presidencia roque saenz pena,0,AR,1592505107,50,-26.79,-60.44,81,1.99
makakilo city,75,US,1592504950,83,21.35,-158.09,77,18.19
kavieng,59,PG,1592505107,75,-2.57,150.8,82.17,4.88
canoinhas,100,BR,1592505107,69,-26.18,-50.39,68.32,5.35
usevya,0,TZ,1592505107,53,-7.1,31.23,66.09,3.24
manjeshwar,75,IN,1592505108,94,12.72,74.89,75.2,4.25
sendriceni,100,RO,1592505108,77,47.95,26.3,69.01,4
kamenka,0,RU,1592505108,73,51.32,42.77,73,3
teguise,20,ES,1592505108,54,29.06,-13.56,80.6,14.99
thoen,99,TH,1592505108,88,17.61,99.22,74.19,2.33
honningsvag,75,NO,1592505108,81,70.98,25.97,44.6,19.46
devonport,100,AU,1592505063,84,-41.17,146.35,48.99,1.99
suzun,15,RU,1592505108,97,53.78,82.31,54.66,5.46
zeya,100,RU,1592505109,65,53.75,127.27,55.38,2.71
fairbanks,75,US,1592505104,45,64.84,-147.72,69.01,3.85
mizan teferi,76,ET,1592505109,93,6.98,35.58,61.47,1.12
canutama,100,BR,1592505109,63,-6.53,-64.38,87.49,1.36
sikasso,52,ML,1592505109,63,10.92,-7,82.47,8.61
zyryanka,40,RU,1592505109,39,65.75,150.85,71.94,7.07
bauchi,61,NG,1592505109,69,10.5,10,77.52,4.41
boa vista,75,BR,1592505041,69,2.82,-60.67,82.4,5.82
buka,0,UZ,1592505109,21,40.81,69.2,78.8,9.17
egvekinot,100,RU,1592505110,38,66.32,-179.17,56.44,1.79
ugoofaaru,32,MV,1592505110,76,5.67,73,84.18,7.67
broome,91,US,1592505110,64,42.25,-75.83,82.99,1.99
baruun-urt,8,MN,1592505110,63,46.68,113.28,64.08,8.84
darnah,0,LY,1592505110,45,32.77,22.64,75.63,17.6
fortuna,40,US,1592505110,77,40.6,-124.16,66.99,6.93
rio cuarto,100,AR,1592505110,15,-33.13,-64.35,68,13.87
zheleznodorozhnyy,100,RU,1592505110,73,55.75,38,80.01,6.71
batemans bay,0,AU,1592505110,100,-35.72,150.18,37,5.23
mitu,58,CO,1592505001,63,1.2,-70.17,87.1,1.61
aklavik,75,CA,1592505111,81,68.22,-135.01,53.6,3.36
alta floresta,40,BR,1592505111,41,-9.88,-56.09,91.4,6.93
abdanan,0,IR,1592505111,14,32.99,47.42,85.75,14.63
lerik,0,AZ,1592505111,94,38.77,48.41,71.6,3.36
mweka,42,CD,1592505111,35,-4.85,21.57,69.24,0.92
pitkyaranta,100,RU,1592505111,84,61.57,31.48,62.82,7.87
gornyatskiy,99,RU,1592505111,48,48.29,40.96,72.48,9.01
paracatu,0,BR,1592505112,48,-17.22,-46.87,76.73,6.89
pemba,20,MZ,1592505112,83,-12.97,40.52,75.2,10.29
mitsamiouli,0,KM,1592505112,64,-11.38,43.28,77.83,13.56
obihiro,76,JP,1592505112,93,42.92,143.2,54.23,0.96
sorland,20,NO,1592505112,76,67.67,12.69,50,18.34
norrtalje,0,SE,1592505112,78,59.76,18.7,64.99,1.99
namie,100,JP,1592505112,81,37.48,141,66,2.71
chitral,0,PK,1592505113,30,35.85,71.79,71.78,3.44
popondetta,0,PG,1592505113,90,-8.75,148.25,70.36,2.98
simao,100,CN,1592505113,95,22.79,100.97,67.1,1.9
nsanje,1,MW,1592505113,85,-16.92,35.26,62.82,5.46
samagaltay,23,RU,1592505113,82,50.6,95,53.53,13.04
asau,65,RO,1592505113,90,46.43,26.4,63,2.64
san jeronimo,19,PE,1592505113,39,-11.95,-75.28,63.66,1.41
jasper,20,US,1592505068,43,37.2,-94.35,89.6,10.29
rudbar,0,AF,1592504902,12,30.15,62.6,90.59,12.82
tabou,94,CI,1592505114,78,4.42,-7.35,78.62,7.07
san quintin,0,MX,1592505114,60,30.48,-115.95,67.19,12.48
acajutla,70,SV,1592505114,90,13.59,-89.83,79,1.99
fomboni,0,KM,1592505114,69,-12.28,43.74,77.22,16.17
kropotkin,82,RU,1592505114,71,45.44,40.58,71.01,12.41
agirish,70,RU,1592505114,68,61.92,63.02,41.47,3.33
viedma,100,AR,1592505114,34,-40.81,-63,60.28,18.16
trinidad,75,BO,1592505114,55,-14.83,-64.9,87.8,10.29
xiazhen,15,CN,1592505115,88,34.8,117.11,62.13,2.24
saint-pierre,90,RE,1592504970,68,-21.34,55.48,69.8,14.99
sistranda,20,NO,1592505115,67,63.73,8.83,62.6,16.11
avera,75,US,1592505115,48,33.19,-82.53,84.2,6.93
voznesenye,63,RU,1592505115,82,61.01,35.48,65.98,9.46
nanyang,0,CN,1592505115,86,32.99,112.53,71.35,1.72
kloulklubed,100,PW,1592505115,78,7.04,134.26,83.95,13.15
black forest,1,US,1592504903,44,39.01,-104.7,64.4,6.93
catamarca,64,AR,1592505043,44,-28.47,-65.79,72,5.01
vikesa,40,NO,1592505116,72,58.64,6.09,72,5.82
faanui,100,PF,1592505116,80,-16.48,-151.75,79.79,4.5
senneterre,5,CA,1592505116,23,48.38,-77.23,87.8,13.87
iqaluit,90,CA,1592505116,60,63.75,-68.51,42.8,5.82
karratha,0,AU,1592504896,60,-20.74,116.85,70.09,4.94
charyshskoye,46,RU,1592505116,79,51.4,83.56,51.15,6.73
zacualpan,5,MX,1592505116,45,21.25,-105.17,87.8,7.94
boulsa,99,BF,1592505117,33,12.67,-0.58,96.51,10.31
brainerd,1,US,1592505117,69,46.36,-94.2,75.2,11.41
dingle,100,PH,1592505117,92,11,122.67,76.26,7.18
sioux lookout,90,CA,1592505077,94,50.1,-91.92,68,3.36
tual,92,ID,1592505117,84,-5.67,132.75,80.76,22.01
elmira,40,US,1592505117,48,42.09,-76.81,87.01,9.17
rabo de peixe,75,PT,1592505117,82,37.8,-25.58,64.4,13.87
yagodnoye,96,RU,1592505117,50,62.55,149.67,62.24,3.02
ullal,75,IN,1592505118,94,12.8,74.85,75.2,5.26
hwange,0,ZW,1592505118,52,-18.37,26.5,56.05,2.98
san lorenzo de el escorial,13,ES,1592505118,39,40.59,-4.15,78.01,1.01
sakata,100,JP,1592505118,79,38.92,139.85,65.98,5.48
matagami,1,CA,1592505104,27,49.75,-77.63,87.8,16.11
san policarpo,100,PH,1592505118,80,12.18,125.51,79.63,8.59
burnie,100,AU,1592505118,88,-41.07,145.92,50,3
kendari,94,ID,1592505118,94,-3.94,122.5,73.9,3.76
camacupa,0,AO,1592505119,53,-12.02,17.48,55.13,2.1
karpathos,40,GR,1592505119,78,35.51,27.21,73.4,12.75
kaeo,4,NZ,1592505119,96,-35.1,173.78,46.99,1.99
auki,9,SB,1592505119,85,-8.77,160.7,78.01,2.82
vinh long,100,VN,1592505119,91,10.25,105.97,78.12,4.27
nambucca heads,90,AU,1592505119,93,-30.65,153,55.4,3.36
samaipata,15,BO,1592505119,66,-18.15,-63.87,68.72,5.19
oistins,40,BB,1592504847,70,13.07,-59.53,87.8,20.8
kromy,4,RU,1592505119,87,52.69,35.77,67.14,5.21
sinnamary,46,GF,1592504986,95,5.38,-52.95,76.12,11.45
marsh harbour,100,BS,1592505120,71,26.54,-77.06,81.93,11.34
biak,95,ID,1592504905,82,-0.91,122.88,77.27,7.05
mildura,0,AU,1592505053,87,-34.2,142.15,46,8.05
guarapari,2,BR,1592505120,71,-20.67,-40.5,75.99,3.38
calabazar de sagua,75,CU,1592505120,55,22.64,-79.9,91.4,6.93
itarema,27,BR,1592505120,70,-2.92,-39.92,83.62,12.08
port shepstone,0,ZA,1592505120,75,-30.74,30.45,60.08,7.61
jaguey grande,40,CU,1592505121,66,22.53,-81.13,87.8,4.7
paita,0,PE,1592505121,65,-5.09,-81.11,77,19.46
janesville,40,US,1592505006,32,42.68,-89.02,84.99,4.7
nioro,0,GM,1592505121,36,13.35,-15.75,96.12,13.91
soyo,87,AO,1592505121,87,-6.13,12.37,73.65,7.99
panguna,0,PG,1592505121,99,-6.32,155.48,68.14,1.34
vaasa,20,FI,1592505121,87,63.1,21.62,59,9.17
macusani,78,PE,1592505122,40,-14.08,-70.43,53.55,3.22
yershov,95,RU,1592505122,91,51.35,48.28,66.33,12.03
kyren,100,RU,1592505122,78,51.68,102.14,56.7,0.92
sydney,29,AU,1592505046,87,-33.87,151.21,48.99,8.05
katsuura,100,JP,1592505122,93,35.13,140.3,66.99,10.54
san francisco,20,US,1592504876,68,37.77,-122.42,82.99,5.82
aranos,0,NA,1592505122,43,-24.13,19.12,53.83,9.86
sterling,75,US,1592505122,57,39.01,-77.43,82,8.05
nakasongola,69,UG,1592505123,79,1.31,32.46,66.02,4.38
ponta delgada,75,PT,1592505123,82,37.73,-25.67,64.4,13.87
englehart,1,CA,1592505123,30,47.82,-79.87,86,6.93
nikki,87,BJ,1592505123,74,9.94,3.21,78.78,4.97
palestina,40,PS,1592505123,73,31.92,35.2,75.99,9.17
ruteng,41,ID,1592505123,100,-8.61,120.47,60.93,2.95
beringovskiy,0,RU,1592505123,56,63.05,179.32,48.88,0.2
dharchula,35,IN,1592505123,68,29.85,80.53,69.6,2.75
atambua,88,ID,1592505124,89,-9.11,124.89,71.38,5.73
baracoa,94,CU,1592505124,64,20.35,-74.5,85.87,8.57
gogrial,100,SS,1592505124,91,8.53,28.1,73.6,3.91
camacha,20,PT,1592504895,78,33.08,-16.33,71.6,11.41
ekhabi,100,RU,1592505124,97,53.51,142.97,39.65,9.19
iberia,40,US,1592505124,52,29.95,-91.75,89.6,5.82
yuncheng,79,CN,1592505124,69,35.02,110.99,71.28,7.27
castro verde,0,PT,1592505124,38,37.7,-8.09,77,11.41
formosa,40,AR,1592505124,51,-26.18,-58.18,86,9.17
robe,0,AU,1592505125,63,-37.18,139.75,56.48,24.72
clarence town,51,AU,1592505125,100,-32.58,151.78,50,4.7
janakpur,100,NP,1592505125,83,26.72,85.91,79.83,18.68
sibolga,42,ID,1592505125,76,1.74,98.78,76.01,3.83
srednekolymsk,54,RU,1592505125,36,67.45,153.68,75.63,1.77
yomou,100,GN,1592505125,95,7.56,-9.27,72.36,5.32
antioch,40,TR,1592505125,60,36.21,36.16,75.2,14.99
novo aripuana,99,BR,1592505125,50,-5.12,-60.38,90.5,2.89
kismayo,73,SO,1592505125,78,-0.36,42.55,78.64,14.34
strezhevoy,34,RU,1592505126,61,60.73,77.59,48.2,8.95
nemuro,61,JP,1592505126,94,43.32,145.57,53.15,6.98
okha,100,RU,1592505126,97,53.57,142.95,39.36,9.31
portland,20,US,1592504935,63,45.52,-122.68,69.01,4.7
tsogni,93,GA,1592505126,89,-2.79,10.1,72.41,6.15
syracuse,0,IT,1592505126,78,37.09,15.28,77,8.05
kodinsk,0,RU,1592505126,66,58.69,99.18,52.38,6.38
mayskiy,20,RU,1592505126,68,47.69,40.1,69.8,2.24
yumen,42,CN,1592505126,20,40.28,97.2,71.71,4.32
ulladulla,4,AU,1592504924,100,-35.35,150.47,45,5.82
grootfontein,0,NA,1592505127,45,-19.57,18.12,54.57,9.19
maua,30,BR,1592505127,41,-23.67,-46.46,77,11.41
bulawayo,0,ZW,1592505127,90,-20.15,28.58,47.41,10.33
petropavlovsk-kamchatskiy,90,RU,1592505042,100,53.05,158.65,41,4.47
tilichiki,0,RU,1592505127,77,60.47,166.1,53.74,3.58
knysna,0,ZA,1592505127,62,-34.04,23.05,55.4,4.7
abu zabad,100,SD,1592505114,63,12.35,29.25,77.23,24.83
port-cartier,75,CA,1592505127,50,50.03,-66.87,75.2,10.29
leninsk,5,RU,1592505128,30,48.71,45.2,82.4,11.18
maumere,48,ID,1592505128,75,-8.62,122.21,78.1,3.78
ereymentau,100,KZ,1592505128,71,51.62,73.1,49.68,6.53
lopandino,51,RU,1592505128,87,52.47,34.82,66.9,7.14
pergamino,15,AR,1592504934,56,-33.89,-60.57,64.99,4
maromitsa,100,RU,1592505129,67,59.87,48.01,51.58,1.63
eyl,39,SO,1592504967,64,7.98,49.82,82.71,25.32
saint-augustin,100,CA,1592505129,79,51.23,-58.65,57.29,4.34
gorin,100,RU,1592505129,96,51.2,136.67,43.59,6.53
belyy yar,54,RU,1592505129,77,53.6,91.39,60.8,8.95
khipro,67,PK,1592505129,58,25.83,69.38,90.54,21.72
majene,86,ID,1592505129,86,-3.54,118.97,78.19,10.04
onalaska,75,US,1592505129,45,43.88,-91.24,84.2,14.99
california city,1,US,1592505129,13,35.13,-117.99,87.01,9.17
dauphin,90,CA,1592505110,71,51.15,-100.05,51.8,9.17
bandarbeyla,99,SO,1592505130,69,9.49,50.81,81.41,30.87
port augusta,0,AU,1592504984,57,-32.5,137.77,52,11.41
dwarka,0,IN,1592504958,80,22.24,68.97,85.84,18.5
vilyuysk,74,RU,1592505130,96,63.76,121.62,56.71,4.29
college,40,US,1592504848,45,64.86,-147.8,66.2,3.96
tomatlan,0,MX,1592505130,38,19.93,-105.25,91.98,10.92
verkhnevilyuysk,1,RU,1592505130,95,63.45,120.32,52.2,2.93
lavrentiya,8,RU,1592504981,64,65.58,-171,48.56,1.12
yazman,44,PK,1592505131,18,29.12,71.74,105.21,23.31
wamba,100,NG,1592505131,91,8.93,8.6,73.33,3.15
udachnyy,6,RU,1592505131,50,66.42,112.4,57.2,4.47
banda aceh,62,ID,1592505131,77,5.56,95.32,79.66,7.14
dillon,90,US,1592505131,61,34.42,-79.37,80.01,6.93
rio grande,75,BR,1592505062,88,-32.03,-52.1,64.4,9.17
qasigiannguit,90,GL,1592504900,86,68.82,-51.19,33.8,5.82
mocuba,36,MZ,1592505132,96,-16.84,36.99,63.7,5.66
leshukonskoye,100,RU,1592505052,62,64.9,45.76,56.89,5.08
